Person	Item	Rating
P1	practice_1	5
P1	peak_practice_1	6
P1	instruments_1	5
P1	Gold_1_1	7
P1	Gold_1_2	7
P1	Gold_1_3	4
P1	Gold_1_4	7
P1	Gold_1_5	7
P1	Gold_1_6	7
P1	Gold_1_7	2
P1	Gold_1_8	7
P1	Gold_1_9	2
P1	Gold_1_10	7
P1	Gold_1_11	1
P1	Gold_1_12	6
P1	Gold_1_13	4
P1	Gold_1_14	1
P1	Gold_1_15	7
P2	practice_1	7
P2	peak_practice_1	6
P2	instruments_1	5
P2	Gold_1_1	7
P2	Gold_1_2	5
P2	Gold_1_3	7
P2	Gold_1_4	7
P2	Gold_1_5	7
P2	Gold_1_6	7
P2	Gold_1_7	1
P2	Gold_1_8	7
P2	Gold_1_9	1
P2	Gold_1_10	7
P2	Gold_1_11	1
P2	Gold_1_12	5
P2	Gold_1_13	3
P2	Gold_1_14	1
P2	Gold_1_15	7
P3	practice_1	7
P3	peak_practice_1	3
P3	instruments_1	7
P3	Gold_1_1	5
P3	Gold_1_2	4
P3	Gold_1_3	3
P3	Gold_1_4	7
P3	Gold_1_5	3
P3	Gold_1_6	7
P3	Gold_1_7	1
P3	Gold_1_8	5
P3	Gold_1_9	3
P3	Gold_1_10	6
P3	Gold_1_11	2
P3	Gold_1_12	7
P3	Gold_1_13	6
P3	Gold_1_14	7
P3	Gold_1_15	6
P4	practice_1	7
P4	peak_practice_1	6
P4	instruments_1	4
P4	Gold_1_1	5
P4	Gold_1_2	5
P4	Gold_1_3	5
P4	Gold_1_4	7
P4	Gold_1_5	7
P4	Gold_1_6	7
P4	Gold_1_7	1
P4	Gold_1_8	7
P4	Gold_1_9	1
P4	Gold_1_10	6
P4	Gold_1_11	1
P4	Gold_1_12	7
P4	Gold_1_13	1
P4	Gold_1_14	1
P4	Gold_1_15	3
P5	practice_1	3
P5	peak_practice_1	3
P5	instruments_1	3
P5	Gold_1_1	5
P5	Gold_1_2	5
P5	Gold_1_3	2
P5	Gold_1_4	5
P5	Gold_1_5	5
P5	Gold_1_6	4
P5	Gold_1_7	2
P5	Gold_1_8	7
P5	Gold_1_9	3
P5	Gold_1_10	6
P5	Gold_1_11	3
P5	Gold_1_12	5
P5	Gold_1_13	5
P5	Gold_1_14	6
P5	Gold_1_15	6
P6	practice_1	5
P6	peak_practice_1	5
P6	instruments_1	4
P6	Gold_1_1	6
P6	Gold_1_2	1
P6	Gold_1_3	5
P6	Gold_1_4	5
P6	Gold_1_5	6
P6	Gold_1_6	5
P6	Gold_1_7	3
P6	Gold_1_8	6
P6	Gold_1_9	3
P6	Gold_1_10	4
P6	Gold_1_11	2
P6	Gold_1_12	6
P6	Gold_1_13	4
P6	Gold_1_14	5
P6	Gold_1_15	5
P7	practice_1	6
P7	peak_practice_1	2
P7	instruments_1	4
P7	Gold_1_1	7
P7	Gold_1_2	3
P7	Gold_1_3	6
P7	Gold_1_4	6
P7	Gold_1_5	7
P7	Gold_1_6	7
P7	Gold_1_7	4
P7	Gold_1_8	7
P7	Gold_1_9	1
P7	Gold_1_10	6
P7	Gold_1_11	1
P7	Gold_1_12	7
P7	Gold_1_13	6
P7	Gold_1_14	3
P7	Gold_1_15	7
P8	practice_1	7
P8	peak_practice_1	3
P8	instruments_1	3
P8	Gold_1_1	3
P8	Gold_1_2	2
P8	Gold_1_3	5
P8	Gold_1_4	7
P8	Gold_1_5	5
P8	Gold_1_6	7
P8	Gold_1_7	1
P8	Gold_1_8	6
P8	Gold_1_9	1
P8	Gold_1_10	7
P8	Gold_1_11	2
P8	Gold_1_12	7
P8	Gold_1_13	5
P8	Gold_1_14	3
P8	Gold_1_15	7
P9	practice_1	7
P9	peak_practice_1	4
P9	instruments_1	5
P9	Gold_1_1	5
P9	Gold_1_2	1
P9	Gold_1_3	3
P9	Gold_1_4	7
P9	Gold_1_5	7
P9	Gold_1_6	7
P9	Gold_1_7	1
P9	Gold_1_8	7
P9	Gold_1_9	1
P9	Gold_1_10	5
P9	Gold_1_11	1
P9	Gold_1_12	7
P9	Gold_1_13	3
P9	Gold_1_14	1
P9	Gold_1_15	6
P10	practice_1	7
P10	peak_practice_1	3
P10	instruments_1	4
P10	Gold_1_1	5
P10	Gold_1_2	2
P10	Gold_1_3	2
P10	Gold_1_4	6
P10	Gold_1_5	6
P10	Gold_1_6	3
P10	Gold_1_7	5
P10	Gold_1_8	5
P10	Gold_1_9	6
P10	Gold_1_10	3
P10	Gold_1_11	3
P10	Gold_1_12	5
P10	Gold_1_13	4
P10	Gold_1_14	3
P10	Gold_1_15	6
P11	practice_1	5
P11	peak_practice_1	4
P11	instruments_1	3
P11	Gold_1_1	6
P11	Gold_1_2	3
P11	Gold_1_3	4
P11	Gold_1_4	5
P11	Gold_1_5	5
P11	Gold_1_6	7
P11	Gold_1_7	2
P11	Gold_1_8	7
P11	Gold_1_9	5
P11	Gold_1_10	7
P11	Gold_1_11	2
P11	Gold_1_12	6
P11	Gold_1_13	4
P11	Gold_1_14	3
P11	Gold_1_15	5
P12	practice_1	7
P12	peak_practice_1	5
P12	instruments_1	3
P12	Gold_1_1	6
P12	Gold_1_2	1
P12	Gold_1_3	3
P12	Gold_1_4	5
P12	Gold_1_5	5
P12	Gold_1_6	7
P12	Gold_1_7	1
P12	Gold_1_8	7
P12	Gold_1_9	3
P12	Gold_1_10	6
P12	Gold_1_11	2
P12	Gold_1_12	7
P12	Gold_1_13	3
P12	Gold_1_14	1
P12	Gold_1_15	4
P13	practice_1	7
P13	peak_practice_1	6
P13	instruments_1	5
P13	Gold_1_1	7
P13	Gold_1_2	3
P13	Gold_1_3	7
P13	Gold_1_4	7
P13	Gold_1_5	7
P13	Gold_1_6	7
P13	Gold_1_7	1
P13	Gold_1_8	7
P13	Gold_1_9	1
P13	Gold_1_10	7
P13	Gold_1_11	1
P13	Gold_1_12	6
P13	Gold_1_13	5
P13	Gold_1_14	2
P13	Gold_1_15	5
P14	practice_1	7
P14	peak_practice_1	3
P14	instruments_1	3
P14	Gold_1_1	5
P14	Gold_1_2	3
P14	Gold_1_3	5
P14	Gold_1_4	5
P14	Gold_1_5	5
P14	Gold_1_6	7
P14	Gold_1_7	2
P14	Gold_1_8	5
P14	Gold_1_9	2
P14	Gold_1_10	7
P14	Gold_1_11	2
P14	Gold_1_12	3
P14	Gold_1_13	3
P14	Gold_1_14	4
P14	Gold_1_15	6
P15	practice_1	1
P15	peak_practice_1	3
P15	instruments_1	4
P15	Gold_1_1	5
P15	Gold_1_2	4
P15	Gold_1_3	3
P15	Gold_1_4	6
P15	Gold_1_5	6
P15	Gold_1_6	6
P15	Gold_1_7	3
P15	Gold_1_8	6
P15	Gold_1_9	3
P15	Gold_1_10	6
P15	Gold_1_11	2
P15	Gold_1_12	6
P15	Gold_1_13	3
P15	Gold_1_14	3
P15	Gold_1_15	5
P16	practice_1	6
P16	peak_practice_1	5
P16	instruments_1	3
P16	Gold_1_1	7
P16	Gold_1_2	6
P16	Gold_1_3	7
P16	Gold_1_4	7
P16	Gold_1_5	7
P16	Gold_1_6	6
P16	Gold_1_7	3
P16	Gold_1_8	7
P16	Gold_1_9	1
P16	Gold_1_10	6
P16	Gold_1_11	1
P16	Gold_1_12	7
P16	Gold_1_13	2
P16	Gold_1_14	5
P16	Gold_1_15	6
P17	practice_1	1
P17	peak_practice_1	1
P17	instruments_1	1
P17	Gold_1_1	3
P17	Gold_1_2	1
P17	Gold_1_3	2
P17	Gold_1_4	5
P17	Gold_1_5	2
P17	Gold_1_6	5
P17	Gold_1_7	7
P17	Gold_1_8	4
P17	Gold_1_9	7
P17	Gold_1_10	2
P17	Gold_1_11	5
P17	Gold_1_12	4
P17	Gold_1_13	6
P17	Gold_1_14	7
P17	Gold_1_15	2
P18	practice_1	7
P18	peak_practice_1	5
P18	instruments_1	4
P18	Gold_1_1	6
P18	Gold_1_2	3
P18	Gold_1_3	5
P18	Gold_1_4	6
P18	Gold_1_5	7
P18	Gold_1_6	5
P18	Gold_1_7	1
P18	Gold_1_8	5
P18	Gold_1_9	1
P18	Gold_1_10	5
P18	Gold_1_11	1
P18	Gold_1_12	5
P18	Gold_1_13	2
P18	Gold_1_14	1
P18	Gold_1_15	6
P19	practice_1	4
P19	peak_practice_1	6
P19	instruments_1	3
P19	Gold_1_1	5
P19	Gold_1_2	4
P19	Gold_1_3	5
P19	Gold_1_4	7
P19	Gold_1_5	7
P19	Gold_1_6	7
P19	Gold_1_7	3
P19	Gold_1_8	6
P19	Gold_1_9	1
P19	Gold_1_10	6
P19	Gold_1_11	2
P19	Gold_1_12	6
P19	Gold_1_13	5
P19	Gold_1_14	4
P19	Gold_1_15	6
P20	practice_1	7
P20	peak_practice_1	7
P20	instruments_1	7
P20	Gold_1_1	7
P20	Gold_1_2	3
P20	Gold_1_3	6
P20	Gold_1_4	7
P20	Gold_1_5	7
P20	Gold_1_6	7
P20	Gold_1_7	1
P20	Gold_1_8	5
P20	Gold_1_9	1
P20	Gold_1_10	6
P20	Gold_1_11	1
P20	Gold_1_12	7
P20	Gold_1_13	1
P20	Gold_1_14	1
P20	Gold_1_15	7
P21	practice_1	3
P21	peak_practice_1	3
P21	instruments_1	2
P21	Gold_1_1	4
P21	Gold_1_2	2
P21	Gold_1_3	3
P21	Gold_1_4	5
P21	Gold_1_5	1
P21	Gold_1_6	5
P21	Gold_1_7	7
P21	Gold_1_8	6
P21	Gold_1_9	3
P21	Gold_1_10	5
P21	Gold_1_11	6
P21	Gold_1_12	6
P21	Gold_1_13	6
P21	Gold_1_14	7
P21	Gold_1_15	4
P22	practice_1	7
P22	peak_practice_1	6
P22	instruments_1	3
P22	Gold_1_1	7
P22	Gold_1_2	4
P22	Gold_1_3	5
P22	Gold_1_4	5
P22	Gold_1_5	5
P22	Gold_1_6	7
P22	Gold_1_7	1
P22	Gold_1_8	7
P22	Gold_1_9	4
P22	Gold_1_10	6
P22	Gold_1_11	2
P22	Gold_1_12	5
P22	Gold_1_13	5
P22	Gold_1_14	1
P22	Gold_1_15	6
P23	practice_1	3
P23	peak_practice_1	5
P23	instruments_1	2
P23	Gold_1_1	3
P23	Gold_1_2	5
P23	Gold_1_3	3
P23	Gold_1_4	5
P23	Gold_1_5	5
P23	Gold_1_6	5
P23	Gold_1_7	3
P23	Gold_1_8	5
P23	Gold_1_9	3
P23	Gold_1_10	5
P23	Gold_1_11	3
P23	Gold_1_12	5
P23	Gold_1_13	4
P23	Gold_1_14	5
P23	Gold_1_15	4
P24	practice_1	7
P24	peak_practice_1	2
P24	instruments_1	3
P24	Gold_1_1	5
P24	Gold_1_2	4
P24	Gold_1_3	4
P24	Gold_1_4	6
P24	Gold_1_5	5
P24	Gold_1_6	6
P24	Gold_1_7	5
P24	Gold_1_8	5
P24	Gold_1_9	4
P24	Gold_1_10	6
P24	Gold_1_11	3
P24	Gold_1_12	7
P24	Gold_1_13	4
P24	Gold_1_14	3
P24	Gold_1_15	5
P25	practice_1	6
P25	peak_practice_1	6
P25	instruments_1	3
P25	Gold_1_1	6
P25	Gold_1_2	2
P25	Gold_1_3	5
P25	Gold_1_4	7
P25	Gold_1_5	7
P25	Gold_1_6	7
P25	Gold_1_7	1
P25	Gold_1_8	6
P25	Gold_1_9	1
P25	Gold_1_10	6
P25	Gold_1_11	1
P25	Gold_1_12	6
P25	Gold_1_13	1
P25	Gold_1_14	2
P25	Gold_1_15	7
P26	practice_1	6
P26	peak_practice_1	3
P26	instruments_1	4
P26	Gold_1_1	4
P26	Gold_1_2	4
P26	Gold_1_3	4
P26	Gold_1_4	7
P26	Gold_1_5	5
P26	Gold_1_6	7
P26	Gold_1_7	1
P26	Gold_1_8	5
P26	Gold_1_9	5
P26	Gold_1_10	6
P26	Gold_1_11	3
P26	Gold_1_12	5
P26	Gold_1_13	6
P26	Gold_1_14	1
P26	Gold_1_15	5
P27	practice_1	6
P27	peak_practice_1	3
P27	instruments_1	3
P27	Gold_1_1	7
P27	Gold_1_2	4
P27	Gold_1_3	5
P27	Gold_1_4	6
P27	Gold_1_5	5
P27	Gold_1_6	5
P27	Gold_1_7	2
P27	Gold_1_8	7
P27	Gold_1_9	3
P27	Gold_1_10	5
P27	Gold_1_11	2
P27	Gold_1_12	6
P27	Gold_1_13	5
P27	Gold_1_14	1
P27	Gold_1_15	6
P28	practice_1	7
P28	peak_practice_1	6
P28	instruments_1	3
P28	Gold_1_1	7
P28	Gold_1_2	4
P28	Gold_1_3	4
P28	Gold_1_4	5
P28	Gold_1_5	6
P28	Gold_1_6	5
P28	Gold_1_7	4
P28	Gold_1_8	7
P28	Gold_1_9	4
P28	Gold_1_10	6
P28	Gold_1_11	1
P28	Gold_1_12	5
P28	Gold_1_13	4
P28	Gold_1_14	4
P28	Gold_1_15	5
P29	practice_1	7
P29	peak_practice_1	5
P29	instruments_1	2
P29	Gold_1_1	7
P29	Gold_1_2	6
P29	Gold_1_3	2
P29	Gold_1_4	4
P29	Gold_1_5	3
P29	Gold_1_6	7
P29	Gold_1_7	6
P29	Gold_1_8	7
P29	Gold_1_9	6
P29	Gold_1_10	4
P29	Gold_1_11	4
P29	Gold_1_12	6
P29	Gold_1_13	7
P29	Gold_1_14	5
P29	Gold_1_15	2
P30	practice_1	6
P30	peak_practice_1	3
P30	instruments_1	3
P30	Gold_1_1	3
P30	Gold_1_2	1
P30	Gold_1_3	2
P30	Gold_1_4	3
P30	Gold_1_5	6
P30	Gold_1_6	7
P30	Gold_1_7	3
P30	Gold_1_8	2
P30	Gold_1_9	5
P30	Gold_1_10	5
P30	Gold_1_11	1
P30	Gold_1_12	5
P30	Gold_1_13	6
P30	Gold_1_14	6
P30	Gold_1_15	6
P31	practice_1	7
P31	peak_practice_1	7
P31	instruments_1	7
P31	Gold_1_1	7
P31	Gold_1_2	5
P31	Gold_1_3	7
P31	Gold_1_4	7
P31	Gold_1_5	7
P31	Gold_1_6	7
P31	Gold_1_7	3
P31	Gold_1_8	7
P31	Gold_1_9	1
P31	Gold_1_10	7
P31	Gold_1_11	1
P31	Gold_1_12	7
P31	Gold_1_13	4
P31	Gold_1_14	1
P31	Gold_1_15	6
P32	practice_1	7
P32	peak_practice_1	3
P32	instruments_1	6
P32	Gold_1_1	5
P32	Gold_1_2	3
P32	Gold_1_3	5
P32	Gold_1_4	6
P32	Gold_1_5	4
P32	Gold_1_6	7
P32	Gold_1_7	5
P32	Gold_1_8	6
P32	Gold_1_9	4
P32	Gold_1_10	5
P32	Gold_1_11	3
P32	Gold_1_12	4
P32	Gold_1_13	5
P32	Gold_1_14	3
P32	Gold_1_15	6
P33	practice_1	7
P33	peak_practice_1	6
P33	instruments_1	6
P33	Gold_1_1	7
P33	Gold_1_2	3
P33	Gold_1_3	6
P33	Gold_1_4	7
P33	Gold_1_5	5
P33	Gold_1_6	7
P33	Gold_1_7	1
P33	Gold_1_8	7
P33	Gold_1_9	4
P33	Gold_1_10	7
P33	Gold_1_11	3
P33	Gold_1_12	7
P33	Gold_1_13	4
P33	Gold_1_14	1
P33	Gold_1_15	5
P34	practice_1	7
P34	peak_practice_1	5
P34	instruments_1	3
P34	Gold_1_1	5
P34	Gold_1_2	6
P34	Gold_1_3	3
P34	Gold_1_4	4
P34	Gold_1_5	5
P34	Gold_1_6	6
P34	Gold_1_7	3
P34	Gold_1_8	7
P34	Gold_1_9	5
P34	Gold_1_10	5
P34	Gold_1_11	3
P34	Gold_1_12	3
P34	Gold_1_13	5
P34	Gold_1_14	3
P34	Gold_1_15	5
P35	practice_1	7
P35	peak_practice_1	5
P35	instruments_1	4
P35	Gold_1_1	6
P35	Gold_1_2	4
P35	Gold_1_3	7
P35	Gold_1_4	7
P35	Gold_1_5	7
P35	Gold_1_6	7
P35	Gold_1_7	1
P35	Gold_1_8	6
P35	Gold_1_9	1
P35	Gold_1_10	6
P35	Gold_1_11	1
P35	Gold_1_12	6
P35	Gold_1_13	2
P35	Gold_1_14	2
P35	Gold_1_15	6
